[
{
    "model": "vehicles.vehiclemake",
    "pk": 1,
    "fields": {
        "name": "Ford",
        "slug": "ford"
    }
},
{
    "model": "vehicles.vehiclemake",
    "pk": 2,
    "fields": {
        "name": "Honda",
        "slug": "honda"
    }
},
{
    "model": "vehicles.vehiclemake",
    "pk": 3,
    "fields": {
        "name": "Hyundai",
        "slug": "hyundai"
    }
},
{
    "model": "vehicles.vehiclemake",
    "pk": 4,
    "fields": {
        "name": "Toyota",
        "slug": "toyota"
    }
},
{
    "model": "vehicles.vehiclemake",
    "pk": 5,
    "fields": {
        "name": "Volkswagen",
        "slug": "volkswagen"
    }
},
{
    "model": "vehicles.vehiclemake",
    "pk": 6,
    "fields": {
        "name": "Nissan",
        "slug": "nissan"
    }
},
{
    "model": "vehicles.vehiclemake",
    "pk": 7,
    "fields": {
        "name": "Audi",
        "slug": "audi"
    }
},
{
    "model": "vehicles.vehiclemake",
    "pk": 8,
    "fields": {
        "name": "BMW",
        "slug": "bmw"
    }
},
{
    "model": "vehicles.vehiclemake",
    "pk": 9,
    "fields": {
        "name": "Lexus",
        "slug": "lexus"
    }
},
{
    "model": "vehicles.vehiclemake",
    "pk": 10,
    "fields": {
        "name": "Mercedes-Benz",
        "slug": "mercedes-benz"
    }
},
{
    "model": "vehicles.vehiclemake",
    "pk": 11,
    "fields": {
        "name": "Tesla",
        "slug": "tesla"
    }
},
{
    "model": "vehicles.vehiclemake",
    "pk": 12,
    "fields": {
        "name": "Chevrolet",
        "slug": "chevrolet"
    }
},
{
    "model": "vehicles.vehiclemake",
    "pk": 13,
    "fields": {
        "name": "Jeep",
        "slug": "jeep"
    }
},
{
    "model": "vehicles.vehiclemake",
    "pk": 14,
    "fields": {
        "name": "Subaru",
        "slug": "subaru"
    }
},
{
    "model": "vehicles.vehiclemake",
    "pk": 15,
    "fields": {
        "name": "Mazda",
        "slug": "mazda"
    }
},
{
    "model": "vehicles.vehiclemake",
    "pk": 16,
    "fields": {
        "name": "Genesis",
        "slug": "genesis"
    }
},
{
    "model": "vehicles.vehiclemodel",
    "pk": 1,
    "fields": {
        "make": 7,
        "name": "A3",
        "slug": "a3"
    }
},
{
    "model": "vehicles.vehiclemodel",
    "pk": 2,
    "fields": {
        "make": 7,
        "name": "A4",
        "slug": "a4"
    }
},
{
    "model": "vehicles.vehiclemodel",
    "pk": 3,
    "fields": {
        "make": 7,
        "name": "Q3",
        "slug": "q3"
    }
},
{
    "model": "vehicles.vehiclemodel",
    "pk": 4,
    "fields": {
        "make": 7,
        "name": "Q5",
        "slug": "q5"
    }
},
{
    "model": "vehicles.vehiclemodel",
    "pk": 5,
    "fields": {
        "make": 8,
        "name": "2 Series",
        "slug": "2-series"
    }
},
{
    "model": "vehicles.vehiclemodel",
    "pk": 6,
    "fields": {
        "make": 8,
        "name": "3 Series",
        "slug": "3-series"
    }
},
{
    "model": "vehicles.vehiclemodel",
    "pk": 7,
    "fields": {
        "make": 8,
        "name": "X1",
        "slug": "x1"
    }
},
{
    "model": "vehicles.vehiclemodel",
    "pk": 8,
    "fields": {
        "make": 8,
        "name": "X3",
        "slug": "x3"
    }
},
{
    "model": "vehicles.vehiclemodel",
    "pk": 9,
    "fields": {
        "make": 12,
        "name": "Malibu",
        "slug": "malibu"
    }
},
{
    "model": "vehicles.vehiclemodel",
    "pk": 10,
    "fields": {
        "make": 12,
        "name": "Equinox",
        "slug": "equinox"
    }
},
{
    "model": "vehicles.vehiclemodel",
    "pk": 11,
    "fields": {
        "make": 12,
        "name": "Blazer",
        "slug": "blazer"
    }
},
{
    "model": "vehicles.vehiclemodel",
    "pk": 12,
    "fields": {
        "make": 12,
        "name": "Silverado",
        "slug": "silverado"
    }
},
{
    "model": "vehicles.vehiclemodel",
    "pk": 13,
    "fields": {
        "make": 1,
        "name": "Focus",
        "slug": "focus"
    }
},
{
    "model": "vehicles.vehiclemodel",
    "pk": 14,
    "fields": {
        "make": 1,
        "name": "Escape",
        "slug": "escape"
    }
},
{
    "model": "vehicles.vehiclemodel",
    "pk": 15,
    "fields": {
        "make": 1,
        "name": "Explorer",
        "slug": "explorer"
    }
},
{
    "model": "vehicles.vehiclemodel",
    "pk": 16,
    "fields": {
        "make": 1,
        "name": "Mustang",
        "slug": "mustang"
    }
},
{
    "model": "vehicles.vehiclemodel",
    "pk": 17,
    "fields": {
        "make": 1,
        "name": "Mach-E",
        "slug": "mach-e"
    }
},
{
    "model": "vehicles.vehiclemodel",
    "pk": 18,
    "fields": {
        "make": 16,
        "name": "G70",
        "slug": "g70"
    }
},
{
    "model": "vehicles.vehiclemodel",
    "pk": 19,
    "fields": {
        "make": 16,
        "name": "G80",
        "slug": "g80"
    }
},
{
    "model": "vehicles.vehiclemodel",
    "pk": 20,
    "fields": {
        "make": 16,
        "name": "GV70",
        "slug": "gv70"
    }
},
{
    "model": "vehicles.vehiclemodel",
    "pk": 21,
    "fields": {
        "make": 16,
        "name": "GV80",
        "slug": "gv80"
    }
},
{
    "model": "vehicles.vehiclemodel",
    "pk": 22,
    "fields": {
        "make": 2,
        "name": "Santa Fe",
        "slug": "santa-fe"
    }
},
{
    "model": "vehicles.vehiclemodel",
    "pk": 23,
    "fields": {
        "make": 3,
        "name": "Tucson",
        "slug": "tucson"
    }
},
{
    "model": "vehicles.vehiclemodel",
    "pk": 24,
    "fields": {
        "make": 3,
        "name": "Palisade",
        "slug": "palisade"
    }
},
{
    "model": "vehicles.vehiclemodel",
    "pk": 25,
    "fields": {
        "make": 2,
        "name": "Civic",
        "slug": "civic"
    }
},
{
    "model": "vehicles.vehiclemodel",
    "pk": 26,
    "fields": {
        "make": 2,
        "name": "Accord",
        "slug": "accord"
    }
},
{
    "model": "vehicles.vehiclemodel",
    "pk": 27,
    "fields": {
        "make": 2,
        "name": "CR-V",
        "slug": "cr-v"
    }
},
{
    "model": "vehicles.vehiclemodel",
    "pk": 28,
    "fields": {
        "make": 2,
        "name": "HR-V",
        "slug": "hr-v"
    }
},
{
    "model": "vehicles.vehiclemodel",
    "pk": 29,
    "fields": {
        "make": 13,
        "name": "Compass",
        "slug": "compass"
    }
},
{
    "model": "vehicles.vehiclemodel",
    "pk": 30,
    "fields": {
        "make": 13,
        "name": "Cherokee",
        "slug": "cherokee"
    }
},
{
    "model": "vehicles.vehiclemodel",
    "pk": 32,
    "fields": {
        "make": 13,
        "name": "Grand Cherokee",
        "slug": "grand-cherokee"
    }
},
{
    "model": "vehicles.vehiclemodel",
    "pk": 33,
    "fields": {
        "make": 13,
        "name": "Wrangler",
        "slug": "wrangler"
    }
},
{
    "model": "vehicles.vehiclemodel",
    "pk": 34,
    "fields": {
        "make": 9,
        "name": "IS",
        "slug": "is"
    }
},
{
    "model": "vehicles.vehiclemodel",
    "pk": 35,
    "fields": {
        "make": 9,
        "name": "ES",
        "slug": "es"
    }
},
{
    "model": "vehicles.vehiclemodel",
    "pk": 36,
    "fields": {
        "make": 9,
        "name": "NX",
        "slug": "nx"
    }
},
{
    "model": "vehicles.vehiclemodel",
    "pk": 37,
    "fields": {
        "make": 9,
        "name": "RX",
        "slug": "rx"
    }
},
{
    "model": "vehicles.vehiclemodel",
    "pk": 38,
    "fields": {
        "make": 15,
        "name": "Mazda3",
        "slug": "mazda3"
    }
},
{
    "model": "vehicles.vehiclemodel",
    "pk": 39,
    "fields": {
        "make": 15,
        "name": "Mazda6",
        "slug": "mazda6"
    }
},
{
    "model": "vehicles.vehiclemodel",
    "pk": 40,
    "fields": {
        "make": 15,
        "name": "CX-5",
        "slug": "cx-5"
    }
},
{
    "model": "vehicles.vehiclemodel",
    "pk": 41,
    "fields": {
        "make": 15,
        "name": "CX-9",
        "slug": "cx-9"
    }
},
{
    "model": "vehicles.vehiclemodel",
    "pk": 42,
    "fields": {
        "make": 10,
        "name": "A-Class",
        "slug": "a-class"
    }
},
{
    "model": "vehicles.vehiclemodel",
    "pk": 43,
    "fields": {
        "make": 10,
        "name": "C-Class",
        "slug": "c-class"
    }
},
{
    "model": "vehicles.vehiclemodel",
    "pk": 44,
    "fields": {
        "make": 10,
        "name": "GLA",
        "slug": "gla"
    }
},
{
    "model": "vehicles.vehiclemodel",
    "pk": 45,
    "fields": {
        "make": 10,
        "name": "GLC",
        "slug": "glc"
    }
},
{
    "model": "vehicles.vehiclemodel",
    "pk": 46,
    "fields": {
        "make": 6,
        "name": "Sentra",
        "slug": "sentra"
    }
},
{
    "model": "vehicles.vehiclemodel",
    "pk": 47,
    "fields": {
        "make": 6,
        "name": "Altima",
        "slug": "altima"
    }
},
{
    "model": "vehicles.vehiclemodel",
    "pk": 48,
    "fields": {
        "make": 6,
        "name": "Rogue",
        "slug": "rogue"
    }
},
{
    "model": "vehicles.vehiclemodel",
    "pk": 49,
    "fields": {
        "make": 6,
        "name": "Leaf",
        "slug": "leaf"
    }
},
{
    "model": "vehicles.vehiclemodel",
    "pk": 50,
    "fields": {
        "make": 14,
        "name": "Impreza",
        "slug": "impreza"
    }
},
{
    "model": "vehicles.vehiclemodel",
    "pk": 51,
    "fields": {
        "make": 14,
        "name": "Legacy",
        "slug": "legacy"
    }
},
{
    "model": "vehicles.vehiclemodel",
    "pk": 52,
    "fields": {
        "make": 14,
        "name": "Crosstrek",
        "slug": "crosstrek"
    }
},
{
    "model": "vehicles.vehiclemodel",
    "pk": 53,
    "fields": {
        "make": 14,
        "name": "Outback",
        "slug": "outback"
    }
},
{
    "model": "vehicles.vehiclemodel",
    "pk": 54,
    "fields": {
        "make": 11,
        "name": "Model 3",
        "slug": "model-3"
    }
},
{
    "model": "vehicles.vehiclemodel",
    "pk": 55,
    "fields": {
        "make": 11,
        "name": "Model Y",
        "slug": "model-y"
    }
},
{
    "model": "vehicles.vehiclemodel",
    "pk": 56,
    "fields": {
        "make": 11,
        "name": "Model S",
        "slug": "model-s"
    }
},
{
    "model": "vehicles.vehiclemodel",
    "pk": 57,
    "fields": {
        "make": 11,
        "name": "Model X",
        "slug": "model-x"
    }
},
{
    "model": "vehicles.vehiclemodel",
    "pk": 58,
    "fields": {
        "make": 4,
        "name": "Corolla",
        "slug": "corolla"
    }
},
{
    "model": "vehicles.vehiclemodel",
    "pk": 59,
    "fields": {
        "make": 4,
        "name": "Camry",
        "slug": "camry"
    }
},
{
    "model": "vehicles.vehiclemodel",
    "pk": 60,
    "fields": {
        "make": 4,
        "name": "RAV4",
        "slug": "rav4"
    }
},
{
    "model": "vehicles.vehiclemodel",
    "pk": 61,
    "fields": {
        "make": 4,
        "name": "Prius",
        "slug": "prius"
    }
},
{
    "model": "vehicles.vehiclemodel",
    "pk": 62,
    "fields": {
        "make": 5,
        "name": "Jetta",
        "slug": "jetta"
    }
},
{
    "model": "vehicles.vehiclemodel",
    "pk": 63,
    "fields": {
        "make": 5,
        "name": "Passat",
        "slug": "passat"
    }
},
{
    "model": "vehicles.vehiclemodel",
    "pk": 64,
    "fields": {
        "make": 5,
        "name": "Taos",
        "slug": "taos"
    }
},
{
    "model": "vehicles.vehiclecategory",
    "pk": 1,
    "fields": {
        "name": "Sedan",
        "slug": "sedan",
        "description": ""
    }
},
{
    "model": "vehicles.vehiclecategory",
    "pk": 2,
    "fields": {
        "name": "SUV",
        "slug": "suv",
        "description": ""
    }
},
{
    "model": "vehicles.vehiclecategory",
    "pk": 3,
    "fields": {
        "name": "Hatchback",
        "slug": "hatchback",
        "description": ""
    }
},
{
    "model": "vehicles.vehiclecategory",
    "pk": 4,
    "fields": {
        "name": "Crossover",
        "slug": "crossover",
        "description": ""
    }
},
{
    "model": "vehicles.vehiclecategory",
    "pk": 5,
    "fields": {
        "name": "Coupe",
        "slug": "coupe",
        "description": ""
    }
},
{
    "model": "vehicles.vehiclecategory",
    "pk": 6,
    "fields": {
        "name": "Wagon/Estate",
        "slug": "wagonestate",
        "description": ""
    }
},
{
    "model": "vehicles.vehiclecategory",
    "pk": 7,
    "fields": {
        "name": "Convertible",
        "slug": "convertible",
        "description": ""
    }
},
{
    "model": "vehicles.vehiclecategory",
    "pk": 8,
    "fields": {
        "name": "Truck",
        "slug": "truck",
        "description": ""
    }
},
{
    "model": "vehicles.vehiclecategory",
    "pk": 9,
    "fields": {
        "name": "Minivan",
        "slug": "minivan",
        "description": ""
    }
},
{
    "model": "vehicles.vehiclefeature",
    "pk": 1,
    "fields": {
        "name": "ABS"
    }
},
{
    "model": "vehicles.vehiclefeature",
    "pk": 2,
    "fields": {
        "name": "Electronic Stability Control"
    }
},
{
    "model": "vehicles.vehiclefeature",
    "pk": 3,
    "fields": {
        "name": "Airbag"
    }
},
{
    "model": "vehicles.vehiclefeature",
    "pk": 4,
    "fields": {
        "name": "Automatic Climate Control"
    }
},
{
    "model": "vehicles.vehiclefeature",
    "pk": 5,
    "fields": {
        "name": "Heated Seats"
    }
},
{
    "model": "vehicles.vehiclefeature",
    "pk": 6,
    "fields": {
        "name": "Keyless Entry and Start"
    }
},
{
    "model": "vehicles.vehiclefeature",
    "pk": 7,
    "fields": {
        "name": "Premium Sound System"
    }
},
{
    "model": "vehicles.vehiclefeature",
    "pk": 8,
    "fields": {
        "name": "Touchscreen Infotainment System"
    }
},
{
    "model": "vehicles.vehiclefeature",
    "pk": 9,
    "fields": {
        "name": "Smartphone Integration"
    }
},
{
    "model": "vehicles.vehiclefeature",
    "pk": 10,
    "fields": {
        "name": "Navigation System"
    }
},
{
    "model": "vehicles.vehiclefeature",
    "pk": 11,
    "fields": {
        "name": "Backup Camera"
    }
},
{
    "model": "vehicles.vehiclefeature",
    "pk": 12,
    "fields": {
        "name": "Parking Sensors"
    }
},
{
    "model": "vehicles.vehiclefeature",
    "pk": 13,
    "fields": {
        "name": "Mileage Tracking"
    }
},
{
    "model": "vehicles.vehiclefeature",
    "pk": 14,
    "fields": {
        "name": "Anti-theft Alert"
    }
},
{
    "model": "vehicles.vehiclefeature",
    "pk": 15,
    "fields": {
        "name": "Traction Control"
    }
},
{
    "model": "vehicles.vehiclefeature",
    "pk": 16,
    "fields": {
        "name": "Lane Keeping Assist"
    }
},
{
    "model": "vehicles.vehiclefeature",
    "pk": 17,
    "fields": {
        "name": "Automatic Emergency Braking"
    }
},
{
    "model": "vehicles.vehicle",
    "pk": 1,
    "fields": {
        "vehicle_model": 59,
        "category": 1,
        "year": 2025,
        "color": "white",
        "license_plate": null,
        "mileage": null,
        "engine_details": "3.5-liter V6",
        "fuel_type": "Petrol",
        "transmission": "Automatic",
        "description": "A white 2025 Toyota Camry, features a sleek, modern design with a spacious interior",
        "daily_rate_ngn": "40000.00",
        "weekly_rate_ngn": null,
        "monthly_rate_ngn": null,
        "security_deposit_ngn": "80000.00",
        "main_image": "vehicles/main_images/2025/07/Image_fx_86.jpg",
        "availability_status": "Available",
        "is_published": true,
        "is_featured": true,
        "slug": "59-2025",
        "date_added": "2025-07-11T10:23:12.553Z",
        "last_updated": "2025-07-11T11:22:31.337Z",
        "features": [
            1,
            3,
            11,
            12,
            9
        ]
    }
},
{
    "model": "vehicles.vehicle",
    "pk": 2,
    "fields": {
        "vehicle_model": 8,
        "category": 2,
        "year": 2025,
        "color": "black",
        "license_plate": null,
        "mileage": null,
        "engine_details": "turbocharged 2.0-liter four-cylinder",
        "fuel_type": "Petrol",
        "transmission": "Automatic",
        "description": "compact luxury SUV known for its blend of comfort, everyday practicality, and sporty driving dynamics",
        "daily_rate_ngn": "80000.00",
        "weekly_rate_ngn": null,
        "monthly_rate_ngn": null,
        "security_deposit_ngn": "200000.00",
        "main_image": "vehicles/main_images/2025/07/Image_fx_67.jpg",
        "availability_status": "Available",
        "is_published": true,
        "is_featured": true,
        "slug": "8-2025",
        "date_added": "2025-07-11T11:15:16.846Z",
        "last_updated": "2025-07-11T11:15:34.193Z",
        "features": [
            3,
            14,
            4,
            17,
            11,
            2,
            5,
            6,
            16,
            10,
            7,
            9,
            8,
            15
        ]
    }
},
{
    "model": "vehicles.vehicleimage",
    "pk": 1,
    "fields": {
        "vehicle": 2,
        "image": "vehicles/gallery/2025/07/11/Image_fx_66.jpg",
        "caption": "",
        "is_primary_gallery": false
    }
},
{
    "model": "vehicles.vehicleimage",
    "pk": 2,
    "fields": {
        "vehicle": 2,
        "image": "vehicles/gallery/2025/07/11/Image_fx_73.jpg",
        "caption": "",
        "is_primary_gallery": false
    }
},
{
    "model": "vehicles.vehicleimage",
    "pk": 3,
    "fields": {
        "vehicle": 2,
        "image": "vehicles/gallery/2025/07/11/Image_fx_76.jpg",
        "caption": "",
        "is_primary_gallery": false
    }
},
{
    "model": "vehicles.vehicleimage",
    "pk": 4,
    "fields": {
        "vehicle": 2,
        "image": "vehicles/gallery/2025/07/11/Image_fx_77.jpg",
        "caption": "",
        "is_primary_gallery": false
    }
},
{
    "model": "vehicles.vehicleimage",
    "pk": 5,
    "fields": {
        "vehicle": 1,
        "image": "vehicles/gallery/2025/07/11/Image_fx_80.jpg",
        "caption": "",
        "is_primary_gallery": false
    }
},
{
    "model": "vehicles.vehicleimage",
    "pk": 6,
    "fields": {
        "vehicle": 1,
        "image": "vehicles/gallery/2025/07/11/Image_fx_89.jpg",
        "caption": "",
        "is_primary_gallery": false
    }
},
{
    "model": "vehicles.vehicleimage",
    "pk": 7,
    "fields": {
        "vehicle": 1,
        "image": "vehicles/gallery/2025/07/11/Image_fx_83.jpg",
        "caption": "",
        "is_primary_gallery": false
    }
}
]
